issue,action
inconsistent text labels,stripped spaces and standardized casing
legacy customer segment labels,"mapped all customers to Retail, Priority, or Private Banking"
missing annual income,recovered from monthly income or customer-segment median
missing occupation/employment,filled with Unknown
missing checking/savings balances,filled with median balance
missing credit utilization,recomputed from card balance and limit
missing interest rate,filled with loan-type median
missing credit score and DTI,filled with risk-band median
missing LTV for unsecured loans,kept as logical missing value
